<scene>
<ambient-light colour="#777777"/>
<point-light x="-1.5" y="4.5" z="2" colour="#e1f2ef" intensity="450"/>
<sphere x="0.5" y="-0.26398" z="3.51805" radius="0.5" colour="#295b7c"/>
<sphere x="-0.2" y="0.01504" z="4.99187" radius="0.5" colour="#295b7c"/>
<sphere x="-0.9" y="0.29406" z="6.46569" radius="0.5" colour="#295b7c"/>
<sphere x="-1.6" y="0.57308" z="7.93951" radius="0.5" colour="#295b7c"/>
<plane x="0.0" y="-0.47623" z="5.085" nx="0" ny="0.9825" nz="-0.186" colour="#82898f"/>
<plane x="0.0" y="0" z="12" nx="0" ny="0" nz="-1" colour="#516e7e"/>
</scene>